{
  "context_window" : 2048,
  "decode_throughput" : {
    "max" : 25.852043228338161,
    "mean" : 25.852043228338161,
    "median" : 25.852043228338161,
    "min" : 25.852043228338161,
    "stddev" : 0
  },
  "deterministic" : true,
  "device" : "Apple Silicon",
  "e2e_throughput" : {
    "mean" : 26.031767895202922,
    "median" : 26.031767895202922
  },
  "greedy_prefix" : [
    1,
    1479,
    35
  ],
  "is_canonical_run" : false,
  "lm_head_avg_ms" : null,
  "memory_mb" : {
    "model_load" : 292.65625,
    "peak_rss" : 518.359375
  },
  "model" : "Qwen3-0.6B-Q8_0",
  "model_file_size_bytes" : 639446688,
  "model_path" : "\/tmp\/edgerunner-models\/Qwen3-0.6B-Q8_0.gguf",
  "num_runs" : 1,
  "per_token_latency_ms" : {
    "median" : 39.057042000000003,
    "p90" : 64.275750000000002,
    "p99" : 69.562667000000005
  },
  "runs" : [
    {
      "decode_latencies_ms" : [
        6.3564170000000004,
        6.7846670000000007,
        7.8426250000000008,
        7.7208750000000004,
        8.718083,
        8.7192920000000012,
        9.6985830000000011,
        10.236000000000001,
        10.38175,
        11.113833000000001,
        11.655083000000001,
        11.717833000000001,
        12.497583000000001,
        13.020625000000001,
        13.366041000000001,
        14.104000000000001,
        15.064667000000002,
        15.568833000000001,
        15.919375,
        16.084833,
        16.744083,
        17.450416000000001,
        17.631042000000001,
        18.180541000000002,
        18.897500000000001,
        19.366208,
        19.397875000000003,
        20.145958,
        20.355625,
        21.65625,
        21.461875000000003,
        22.495583000000003,
        23.176541,
        23.758375000000001,
        24.348292000000001,
        24.715250000000001,
        24.856292000000003,
        25.516125000000002,
        27.067667000000004,
        26.353000000000002,
        26.975958000000002,
        27.409834000000004,
        28.310708000000002,
        28.698209000000002,
        28.814125000000001,
        29.105417000000003,
        29.948417000000003,
        31.102500000000003,
        31.456167000000004,
        31.976667000000003,
        32.252167,
        32.593584,
        33.240541,
        33.619875,
        34.331250000000004,
        34.810458000000004,
        35.156083000000002,
        35.562583000000004,
        36.047875000000005,
        36.520625000000003,
        37.025958000000003,
        37.532834000000001,
        37.999791000000002,
        39.057042000000003,
        39.624708000000005,
        39.981917000000003,
        40.598458000000001,
        41.087416000000005,
        41.656916000000002,
        41.598875000000007,
        42.429917000000003,
        42.488667000000007,
        43.305541000000005,
        44.329709000000001,
        44.665125000000003,
        44.749667000000002,
        45.070458000000002,
        45.483666000000007,
        46.201167000000005,
        47.034334000000001,
        47.474208000000004,
        47.942000000000007,
        48.405875000000002,
        49.192792000000004,
        48.945875000000001,
        50.311083000000004,
        50.773291,
        50.870750000000001,
        51.156750000000002,
        52.095625000000005,
        52.360167000000004,
        52.655916000000005,
        53.211708000000002,
        53.266375000000004,
        54.369084000000001,
        55.208375000000004,
        55.451541000000006,
        56.123833000000005,
        56.476875000000007,
        56.991500000000002,
        57.536458000000003,
        58.707375000000006,
        58.158792000000005,
        59.237916000000006,
        59.191791000000002,
        59.857417000000005,
        60.228333000000006,
        60.797875000000005,
        61.486792000000008,
        61.577583000000004,
        62.124375000000008,
        63.428792000000001,
        64.045167000000006,
        64.283291000000006,
        64.275750000000002,
        65.391041999999999,
        65.834584000000007,
        66.19716600000001,
        66.397874999999999,
        67.428667000000004,
        67.571375000000003,
        68.146584000000004,
        68.306333000000009,
        68.995416000000006,
        69.562667000000005,
        69.694834,
        70.728500000000011
      ],
      "decode_tok_per_sec" : 25.852043228338161,
      "decode_token_count" : 127,
      "decode_total_ms" : 4912.5710829999998,
      "e2e_tok_per_sec" : 26.031767895202922,
      "has_nan" : false,
      "run" : 0,
      "token_count" : 129,
      "total_ms" : 4917.0690409999997,
      "ttft_ms" : 4.4972910000000006
    }
  ],
  "timestamp" : "2026-03-27T08:42:27Z",
  "token_hash" : "0afae14a84cf0df8",
  "tokens_per_run" : 128,
  "ttft_ms" : {
    "mean" : 4.4972910000000006,
    "median" : 4.4972910000000006
  }
}